province_code,canton_code,parroquia_code,province_name,canton_name,parroquia_name,pmb_start_date
13,16,50,MANABI,24 DE MAYO,SUCRE,#N/A
13,16,51,MANABI,24 DE MAYO,BELLAVISTA,#N/A
13,16,52,MANABI,24 DE MAYO,NOBOA,#N/A
13,16,53,MANABI,24 DE MAYO,ARQ. SIXTO DURAN BALLEN,#N/A
22,2,50,ORELLANA,AGUARICO,NUEVO ROCAFUERTE,4/6/18
22,2,51,ORELLANA,AGUARICO,CAPITAN AUGUSTO RIVADENEYRA,4/6/18
22,2,52,ORELLANA,AGUARICO,CONONACO,4/6/18
22,2,53,ORELLANA,AGUARICO,SANTA MARIA DE HUIRIRIMA,4/6/18
22,2,54,ORELLANA,AGUARICO,TIPUTINI,4/6/18
22,2,55,ORELLANA,AGUARICO,YASUNI,4/6/18
6,2,50,CHIMBORAZO,ALAUSI,ALAUSI,8/30/17
6,2,51,CHIMBORAZO,ALAUSI,ACHUPALLAS,8/30/17
6,2,53,CHIMBORAZO,ALAUSI,GUASUNTOS,8/30/17
6,2,54,CHIMBORAZO,ALAUSI,HUIGRA,8/30/17
6,2,55,CHIMBORAZO,ALAUSI,MULTITUD,8/30/17
6,2,56,CHIMBORAZO,ALAUSI,PISTISHI (NARIZ DEL DIABLO),8/30/17
6,2,57,CHIMBORAZO,ALAUSI,PUMALLACTA,8/30/17
6,2,58,CHIMBORAZO,ALAUSI,SEVILLA,8/30/17
6,2,59,CHIMBORAZO,ALAUSI,SIBAMBE,8/30/17
6,2,60,CHIMBORAZO,ALAUSI,TIXAN,8/30/17
9,2,50,GUAYAS,ALFREDO BAQUERIZO MORENO (JUJAN),ALFREDO BAQUERIZO MORENO (JUJAN),4/26/19
18,1,50,TUNGURAHUA,AMBATO,AMBATO,#N/A
18,1,51,TUNGURAHUA,AMBATO,AMBATILLO,#N/A
18,1,52,TUNGURAHUA,AMBATO,ATAHUALPA (CHISALATA) ,#N/A
18,1,53,TUNGURAHUA,AMBATO,AUGUSTO N. MARTINEZ (MUNDUGLEO),#N/A
18,1,54,TUNGURAHUA,AMBATO,CONSTANTINO FERNANDEZ (CAB. EN CULLITAHUA),#N/A
18,1,55,TUNGURAHUA,AMBATO,HUACHI GRANDE,#N/A
18,1,56,TUNGURAHUA,AMBATO,IZAMBA,#N/A
18,1,57,TUNGURAHUA,AMBATO,JUAN BENIGNO VELA,#N/A
18,1,58,TUNGURAHUA,AMBATO,MONTALVO,#N/A
18,1,59,TUNGURAHUA,AMBATO,PASA,#N/A
18,1,60,TUNGURAHUA,AMBATO,PICAIGUA,#N/A
18,1,61,TUNGURAHUA,AMBATO,PILAGÜIN (PILAHÜIN),#N/A
18,1,62,TUNGURAHUA,AMBATO,QUISAPINCHA (QUIZAPINCHA),#N/A
18,1,63,TUNGURAHUA,AMBATO,SAN BARTOLOME DE PINLLOG,#N/A
18,1,64,TUNGURAHUA,AMBATO,SAN FERNANDO (PASA SAN FERNANDO),#N/A
18,1,65,TUNGURAHUA,AMBATO,SANTA ROSA,#N/A
18,1,66,TUNGURAHUA,AMBATO,TOTORAS,#N/A
18,1,67,TUNGURAHUA,AMBATO,CUNCHIBAMBA,#N/A
18,1,68,TUNGURAHUA,AMBATO,UNAMUNCHO,#N/A
10,2,50,IMBABURA,ANTONIO ANTE,ATUNTAQUI,4/5/18
10,2,51,IMBABURA,ANTONIO ANTE,IMBAYA (SAN LUIS DE COBUENDO) ,4/5/18
10,2,52,IMBABURA,ANTONIO ANTE,SAN FRANCISCO DE NATABUELA,4/5/18
10,2,53,IMBABURA,ANTONIO ANTE,SAN JOSE DE CHALTURA,4/5/18
10,2,54,IMBABURA,ANTONIO ANTE,SAN ROQUE,4/5/18
16,4,50,PASTAZA,ARAJUNO,ARAJUNO,2/20/19
16,4,51,PASTAZA,ARAJUNO,CURARAY,2/20/19
15,3,50,NAPO,ARCHIDONA,ARCHIDONA,2/6/18
15,3,52,NAPO,ARCHIDONA,COTUNDO,2/6/18
15,3,54,NAPO,ARCHIDONA,SAN PABLO DE USHPAYACU,2/6/18
7,2,50,EL ORO,ARENILLAS,ARENILLAS,6/7/19
7,2,51,EL ORO,ARENILLAS,CHACRAS,6/7/19
7,2,54,EL ORO,ARENILLAS,PALMALES,6/7/19
7,2,55,EL ORO,ARENILLAS,CARCABON,6/7/19
8,6,50,ESMERALDAS,ATACAMES,ATACAMES,1/11/18
8,6,51,ESMERALDAS,ATACAMES,LA UNION,1/11/18
8,6,52,ESMERALDAS,ATACAMES,SUA  (CAB. EN LA BOCANA) ,1/11/18
8,6,53,ESMERALDAS,ATACAMES,TONCHIGÜE,1/11/18
8,6,54,ESMERALDAS,ATACAMES,TONSUPA,1/11/18
7,3,50,EL ORO,ATAHUALPA,PACCHA,1/16/18
7,3,51,EL ORO,ATAHUALPA,AYAPAMBA,1/16/18
7,3,52,EL ORO,ATAHUALPA,CORDONCILLO,1/16/18
7,3,53,EL ORO,ATAHUALPA,MILAGRO,1/16/18
7,3,54,EL ORO,ATAHUALPA,SAN JOSE,1/16/18
7,3,55,EL ORO,ATAHUALPA,SAN JUAN DE CERRO AZUL,1/16/18
3,1,50,CAÑAR,AZOGUES,AZOGUES,#N/A
3,1,51,CAÑAR,AZOGUES,COJITAMBO,#N/A
3,1,53,CAÑAR,AZOGUES,GUAPAN,#N/A
3,1,54,CAÑAR,AZOGUES,JAVIER LOYOLA (CHUQUIPATA) ,#N/A
3,1,55,CAÑAR,AZOGUES,LUIS CORDERO,#N/A
3,1,56,CAÑAR,AZOGUES,PINDILIG,#N/A
3,1,57,CAÑAR,AZOGUES,RIVERA,#N/A
3,1,58,CAÑAR,AZOGUES,SAN MIGUEL,#N/A
3,1,60,CAÑAR,AZOGUES,TADAY,#N/A
12,2,50,LOS RIOS,BABA,BABA,8/30/17
12,2,51,LOS RIOS,BABA,GUARE,8/30/17
12,2,52,LOS RIOS,BABA,ISLA DE BEJUCAL,8/30/17
12,1,50,LOS RIOS,BABAHOYO,BABAHOYO,12/4/19
12,1,52,LOS RIOS,BABAHOYO,CARACOL,12/4/19
12,1,53,LOS RIOS,BABAHOYO,FEBRES CORDERO (LAS JUNTAS) (CAB. EN MATA DE CACAO),12/4/19
12,1,54,LOS RIOS,BABAHOYO,PIMOCHA,12/4/19
12,1,55,LOS RIOS,BABAHOYO,LA UNION,12/4/19
9,3,50,GUAYAS,BALAO,BALAO,11/29/17
7,4,50,EL ORO,BALSAS,BALSAS,1/16/18
7,4,51,EL ORO,BALSAS,BELLAMARIA,1/16/18
9,4,50,GUAYAS,BALZAR,BALZAR,2/26/18
18,2,50,TUNGURAHUA,BAÑOS DE AGUA SANTA,BAÑOS DE AGUA SANTA,11/1/18
18,2,51,TUNGURAHUA,BAÑOS DE AGUA SANTA,LLIGUA,11/1/18
18,2,52,TUNGURAHUA,BAÑOS DE AGUA SANTA,RIO NEGRO,11/1/18
18,2,53,TUNGURAHUA,BAÑOS DE AGUA SANTA,RIO VERDE,11/1/18
18,2,54,TUNGURAHUA,BAÑOS DE AGUA SANTA,ULBA,11/1/18
3,2,50,CAÑAR,BIBLIAN, BIBLIAN,8/28/19
3,2,51,CAÑAR,BIBLIAN,NAZON (CAB. EN PAMPA DE DOMINGUEZ),8/28/19
3,2,52,CAÑAR,BIBLIAN,SAN FRANCISCO DE SAGEO,8/28/19
3,2,53,CAÑAR,BIBLIAN,TURUPAMBA,8/28/19
3,2,54,CAÑAR,BIBLIAN,JERUSALEN,8/28/19
4,2,50,CARCHI,BOLIVAR, BOLIVAR,6/17/19
4,2,51,CARCHI,BOLIVAR,GARCIA MORENO,6/17/19
4,2,52,CARCHI,BOLIVAR,LOS ANDES,6/17/19
4,2,53,CARCHI,BOLIVAR,MONTE OLIVO,6/17/19
4,2,54,CARCHI,BOLIVAR,SAN VICENTE DE PUSIR,6/17/19
4,2,55,CARCHI,BOLIVAR,SAN RAFAEL,6/17/19
13,2,50,MANABI,BOLIVAR,CALCETA,6/17/19
13,2,51,MANABI,BOLIVAR,MEMBRILLO,6/17/19
13,2,52,MANABI,BOLIVAR,QUIROGA,6/17/19
12,10,50,LOS RIOS,BUENA FE,SAN JACINTO DE BUENA FE,11/19/18
12,10,51,LOS RIOS,BUENA FE,PATRICIA PILAR,11/19/18
2,6,50,BOLIVAR,CALUMA, CALUMA ,1/31/18
11,2,50,LOJA,CALVAS,CARIAMANGA,3/29/19
11,2,51,LOJA,CALVAS,COLAISACA,3/29/19
11,2,52,LOJA,CALVAS,EL LUCERO,3/29/19
11,2,53,LOJA,CALVAS,UTUANA,3/29/19
11,2,54,LOJA,CALVAS,SANGUILLIN,3/29/19
1,15,50,AZUAY,CAMILO PONCE ENRIQUEZ,CAMILO PONCE ENRIQUEZ,3/22/19
3,3,50,CAÑAR,CAÑAR,CAÑAR,#N/A
3,3,51,CAÑAR,CAÑAR,CHONTAMARCA,#N/A
3,3,52,CAÑAR,CAÑAR,CHOROCOPTE,#N/A
3,3,53,CAÑAR,CAÑAR,GENERAL MORALES (SOCARTE) ,#N/A
3,3,54,CAÑAR,CAÑAR,GUALLETURO,#N/A
3,3,55,CAÑAR,CAÑAR,HONORATO VASQUEZ (TAMBO VIEJO) ,#N/A
3,3,56,CAÑAR,CAÑAR,INGAPIRCA,#N/A
3,3,57,CAÑAR,CAÑAR,JUNCAL,#N/A
3,3,58,CAÑAR,CAÑAR,SAN ANTONIO,#N/A
3,3,61,CAÑAR,CAÑAR,ZHUD,#N/A
3,3,62,CAÑAR,CAÑAR,VENTURA,#N/A
3,3,63,CAÑAR,CAÑAR,DUCUR,#N/A
14,12,50,MORONA SANTIAGO,TIWINTZA,SANTIAGO,7/23/18
14,12,51,MORONA SANTIAGO,TIWINTZA,SAN JOSE DE MORONA,7/23/18
15,9,50,NAPO,CARLOS JULIO AROSEMENA TOLA,CARLOS JULIO AROSEMENA TOLA,5/29/18
21,6,50,SUCUMBIOS,CASCALES,EL DORADO DE CASCALES,3/8/19
21,6,51,SUCUMBIOS,CASCALES,SANTA ROSA DE SUCUMBIOS,3/8/19
21,6,52,SUCUMBIOS,CASCALES,SEVILLA,3/8/19
11,3,50,LOJA,CATAMAYO,CATAMAYO (LA TOMA),1/12/18
11,3,51,LOJA,CATAMAYO,EL TAMBO,1/12/18
11,3,52,LOJA,CATAMAYO,GUAYQUICHUMA,1/12/18
11,3,53,LOJA,CATAMAYO,SAN PEDRO DE LA BENDITA,1/12/18
11,3,54,LOJA,CATAMAYO,ZAMBI,1/12/18
17,2,50,PICHINCHA,CAYAMBE,CAYAMBE,12/18/17
17,2,51,PICHINCHA,CAYAMBE,ASCAZUBI,12/18/17
17,2,52,PICHINCHA,CAYAMBE,CANGAHUA ,12/18/17
17,2,53,PICHINCHA,CAYAMBE,OLMEDO (PESILLO),12/18/17
17,2,54,PICHINCHA,CAYAMBE,OTON,12/18/17
17,2,55,PICHINCHA,CAYAMBE,SANTA ROSA DE CUZUBAMBA,12/18/17
11,4,50,LOJA,CELICA,CELICA,4/18/19
11,4,51,LOJA,CELICA,CRUZPAMBA (CAB. EN CARLOS BUSTAMANTE),4/18/19
11,4,55,LOJA,CELICA,POZUL (SAN JUAN DE POZUL),4/18/19
11,4,56,LOJA,CELICA,SABANILLA,4/18/19
11,4,57,LOJA,CELICA,TNTE. MAXIMILIANO RODRIGUEZ LOAIZA ,4/18/19
19,7,50,ZAMORA CHINCHIPE,CENTINELA DEL CONDOR,ZUMBI,5/17/19
18,3,50,TUNGURAHUA,CEVALLOS,CEVALLOS,3/29/18
11,5,50,LOJA,CHAGUARPAMBA,CHAGUARPAMBA,11/9/18
11,5,51,LOJA,CHAGUARPAMBA,BUENAVISTA,11/9/18
11,5,52,LOJA,CHAGUARPAMBA,EL ROSARIO,11/9/18
11,5,53,LOJA,CHAGUARPAMBA,SANTA RUFINA,11/9/18
11,5,54,LOJA,CHAGUARPAMBA,AMARILLOS,11/9/18
6,4,50,CHIMBORAZO,CHAMBO,CHAMBO,12/9/19
7,5,50,EL ORO,CHILLA,CHILLA,3/3/18
2,2,50,BOLIVAR,CHILLANES, CHILLANES,1/25/19
2,2,51,BOLIVAR,CHILLANES,SAN JOSE DEL TAMBO (TAMBOPAMBA),1/25/19
2,3,50,BOLIVAR,CHIMBO,SAN JOSE DE CHIMBO,12/21/18
2,3,51,BOLIVAR,CHIMBO,ASUNCION (ASANCOTO) ,12/21/18
2,3,53,BOLIVAR,CHIMBO,MAGDALENA (CHAPACOTO),12/21/18
2,3,54,BOLIVAR,CHIMBO,SAN SEBASTIAN,12/21/18
2,3,55,BOLIVAR,CHIMBO,TELIMBELA,12/21/18
19,2,50,ZAMORA CHINCHIPE,CHINCHIPE,ZUMBA,5/23/19
19,2,51,ZAMORA CHINCHIPE,CHINCHIPE,CHITO,5/23/19
19,2,52,ZAMORA CHINCHIPE,CHINCHIPE,EL CHORRO,5/23/19
19,2,54,ZAMORA CHINCHIPE,CHINCHIPE,LA CHONTA,5/23/19
19,2,56,ZAMORA CHINCHIPE,CHINCHIPE,PUCAPAMBA,5/23/19
19,2,59,ZAMORA CHINCHIPE,CHINCHIPE,SAN ANDRES,5/23/19
13,3,50,MANABI,CHONE,CHONE,4/19/18
13,3,51,MANABI,CHONE,BOYACA,4/19/18
13,3,52,MANABI,CHONE,CANUTO,4/19/18
13,3,53,MANABI,CHONE,CONVENTO,4/19/18
13,3,54,MANABI,CHONE,CHIBUNGA,4/19/18
13,3,55,MANABI,CHONE,ELOY ALFARO,4/19/18
13,3,56,MANABI,CHONE,RICAURTE,4/19/18
13,3,57,MANABI,CHONE,SAN ANTONIO,4/19/18
1,11,50,AZUAY,CHORDELEG,CHORDELEG,12/7/17
1,11,51,AZUAY,CHORDELEG,PRINCIPAL,12/7/17
1,11,52,AZUAY,CHORDELEG,LA UNION,12/7/17
1,11,53,AZUAY,CHORDELEG,LUIS GALARZA ORELLANA (CAB.EN DELEGSOL) ,12/7/17
1,11,54,AZUAY,CHORDELEG,SAN MARTIN DE PUZHIO,12/7/17
6,5,50,CHIMBORAZO,CHUNCHI,CHUNCHI,8/30/17
6,5,51,CHIMBORAZO,CHUNCHI,CAPZOL,8/30/17
6,5,52,CHIMBORAZO,CHUNCHI,COMPUD,8/30/17
6,5,53,CHIMBORAZO,CHUNCHI,GONZOL,8/30/17
6,5,54,CHIMBORAZO,CHUNCHI,LLAGOS,8/30/17
9,5,50,GUAYAS,COLIMES,COLIMES,2/26/18
9,5,51,GUAYAS,COLIMES,SAN JACINTO,2/26/18
6,3,50,CHIMBORAZO,COLTA,VILLA LA UNION (CAJABAMBA),8/13/17
6,3,51,CHIMBORAZO,COLTA,CAÑI,8/13/17
6,3,52,CHIMBORAZO,COLTA,COLUMBE,8/13/17
6,3,53,CHIMBORAZO,COLTA,JUAN DE VELASCO (PANGOR),8/13/17
6,3,54,CHIMBORAZO,COLTA,SANTIAGO DE QUITO (CAB. EN SAN ANTONIO DE QUITO),8/13/17
9,23,50,GUAYAS,CORONEL MARCELINO MARIDUEÑA,CORONEL MARCELINO MARIDUEÑA (SAN CARLOS),2/22/19
10,3,50,IMBABURA,COTACACHI,COTACACHI,1/24/18
10,3,51,IMBABURA,COTACACHI,APUELA,1/24/18
10,3,52,IMBABURA,COTACACHI,GARCIA MORENO  (LLURIMAGUA) ,1/24/18
10,3,53,IMBABURA,COTACACHI,IMANTAG,1/24/18
10,3,54,IMBABURA,COTACACHI,PEÑAHERRERA,1/24/18
10,3,55,IMBABURA,COTACACHI,PLAZA GUTIERREZ,1/24/18
10,3,56,IMBABURA,COTACACHI,QUIROGA,1/24/18
10,3,57,IMBABURA,COTACACHI,6 DE JULIO DE CUELLAJE (CAB. EN CUELLAJE),1/24/18
10,3,58,IMBABURA,COTACACHI,VACAS GALINDO (EL CHURO) (CAB.EN SAN MIGUEL ALTO),1/24/18
1,1,50,AZUAY,CUENCA,CUENCA,1/31/19
1,1,51,AZUAY,CUENCA,BAÑOS,1/31/19
1,1,52,AZUAY,CUENCA,CUMBE,1/31/19
1,1,53,AZUAY,CUENCA,CHAUCHA,1/31/19
1,1,54,AZUAY,CUENCA,CHECA (JIDCAY) ,1/31/19
1,1,55,AZUAY,CUENCA,CHIQUINTAD,1/31/19
1,1,56,AZUAY,CUENCA,LLACAO,1/31/19
1,1,57,AZUAY,CUENCA,MOLLETURO,1/31/19
1,1,58,AZUAY,CUENCA,NULTI,1/31/19
1,1,59,AZUAY,CUENCA,OCTAVIO CORDERO PALACIOS (SANTA ROSA) ,1/31/19
1,1,60,AZUAY,CUENCA,PACCHA,1/31/19
1,1,61,AZUAY,CUENCA,QUINGEO,1/31/19
1,1,62,AZUAY,CUENCA,RICAURTE,1/31/19
1,1,63,AZUAY,CUENCA,SAN JOAQUIN,1/31/19
1,1,64,AZUAY,CUENCA,SANTA ANA,1/31/19
1,1,65,AZUAY,CUENCA,SAYAUSI,1/31/19
1,1,66,AZUAY,CUENCA,SIDCAY,1/31/19
1,1,67,AZUAY,CUENCA,SININCAY,1/31/19
1,1,68,AZUAY,CUENCA,TARQUI,1/31/19
1,1,69,AZUAY,CUENCA,TURI,1/31/19
1,1,70,AZUAY,CUENCA,VALLE,1/31/19
1,1,71,AZUAY,CUENCA,VICTORIA DEL PORTETE (IRQUIS),1/31/19
6,10,50,CHIMBORAZO,CUMANDA,CUMANDA,10/1/18
21,7,50,SUCUMBIOS,CUYABENO,TARAPOA ,11/23/18
21,7,51,SUCUMBIOS,CUYABENO,CUYABENO,11/23/18
21,7,52,SUCUMBIOS,CUYABENO,AGUAS NEGRAS,11/23/18
9,6,50,GUAYAS,DAULE,DAULE,11/30/18
9,6,52,GUAYAS,DAULE,JUAN BAUTISTA AGUIRRE (LOS TINTOS) ,11/30/18
9,6,53,GUAYAS,DAULE,LAUREL,11/30/18
9,6,54,GUAYAS,DAULE,LIMONAL,11/30/18
9,6,56,GUAYAS,DAULE,LOS LOJAS (ENRIQUE BAQUERIZO MORENO),11/30/18
3,6,50,CAÑAR,DELEG, DELEG,8/28/19
3,6,51,CAÑAR,DELEG,SOLANO,8/28/19
9,7,50,GUAYAS,DURAN,ELOY ALFARO (DURAN),1/25/18
2,4,50,BOLIVAR,ECHEANDIA, ECHEANDIA,1/31/18
13,4,50,MANABI,EL CARMEN,EL CARMEN,11/26/17
13,4,51,MANABI,EL CARMEN,WILFRIDO LOOR MOREIRA (MAICITO),11/26/17
13,4,52,MANABI,EL CARMEN,SAN PEDRO DE SUMA,11/26/17
15,4,50,NAPO,EL CHACO,EL CHACO,12/1/17
15,4,51,NAPO,EL CHACO,GONZALO DIAZ DE PINEDA (EL BOMBON) ,12/1/17
15,4,52,NAPO,EL CHACO,LINARES,12/1/17
15,4,53,NAPO,EL CHACO,OYACACHI,12/1/17
15,4,54,NAPO,EL CHACO,SANTA ROSA,12/1/17
15,4,55,NAPO,EL CHACO,SARDINAS,12/1/17
9,8,50,GUAYAS,EL EMPALME,VELASCO IBARRA (EL EMPALME),6/15/18
9,8,51,GUAYAS,EL EMPALME,GUAYAS (PUEBLO NUEVO) ,6/15/18
9,8,52,GUAYAS,EL EMPALME,EL ROSARIO,6/15/18
7,6,50,EL ORO,EL GUABO,EL GUABO,3/3/18
7,6,51,EL ORO,EL GUABO,BARBONES (SUCRE) ,3/3/18
7,6,52,EL ORO,EL GUABO,LA IBERIA,3/3/18
7,6,53,EL ORO,EL GUABO,TENDALES (CAB.EN PUERTO TENDALES),3/3/18
7,6,54,EL ORO,EL GUABO,RIO BONITO,3/3/18
1,12,50,AZUAY,EL PAN, EL PAN,4/20/18
1,12,53,AZUAY,EL PAN,SAN VICENTE,4/20/18
19,6,50,ZAMORA CHINCHIPE,EL PANGUI,EL PANGUI,11/28/17
19,6,51,ZAMORA CHINCHIPE,EL PANGUI,EL GUISME ,11/28/17
19,6,52,ZAMORA CHINCHIPE,EL PANGUI,PACHICUTZA,11/28/17
19,6,53,ZAMORA CHINCHIPE,EL PANGUI,TUNDAYME,11/28/17
3,5,50,CAÑAR,EL TAMBO,EL TAMBO ,7/28/19
9,9,50,GUAYAS,EL TRIUNFO,EL TRIUNFO,10/31/18
8,2,50,ESMERALDAS,ELOY ALFARO,VALDEZ (LIMONES),4/26/18
8,2,51,ESMERALDAS,ELOY ALFARO,ANCHAYACU,4/26/18
8,2,52,ESMERALDAS,ELOY ALFARO,ATAHUALPA (CAB. EN CAMARONES) ,4/26/18
8,2,53,ESMERALDAS,ELOY ALFARO,BORBON,4/26/18
8,2,54,ESMERALDAS,ELOY ALFARO,LA TOLA,4/26/18
8,2,55,ESMERALDAS,ELOY ALFARO,LUIS VARGAS TORRES (CAB. EN PLAYA DE ORO),4/26/18
8,2,56,ESMERALDAS,ELOY ALFARO,MALDONADO,4/26/18
8,2,57,ESMERALDAS,ELOY ALFARO,PAMPANAL DE BOLIVAR     ,4/26/18
8,2,58,ESMERALDAS,ELOY ALFARO,SAN FRANCISCO DE ONZOLE,4/26/18
8,2,59,ESMERALDAS,ELOY ALFARO,SANTO DOMINGO DE ONZOLE,4/26/18
8,2,60,ESMERALDAS,ELOY ALFARO,SELVA ALEGRE,4/26/18
8,2,61,ESMERALDAS,ELOY ALFARO,TELEMBI,4/26/18
8,2,62,ESMERALDAS,ELOY ALFARO,COLON ELOY DEL MARIA,4/26/18
8,2,63,ESMERALDAS,ELOY ALFARO,SAN JOSE DE CAYAPAS,4/26/18
8,2,64,ESMERALDAS,ELOY ALFARO,TIMBIRE  ,4/26/18
8,1,50,ESMERALDAS,ESMERALDAS,ESMERALDAS,1/17/18
8,1,52,ESMERALDAS,ESMERALDAS,CAMARONES (CAB. EN SAN VICENTE) ,1/17/18
8,1,53,ESMERALDAS,ESMERALDAS,CRNEL. CARLOS CONCHA TORRES (CAB.EN HUELE),1/17/18
8,1,54,ESMERALDAS,ESMERALDAS,CHINCA,1/17/18
8,1,59,ESMERALDAS,ESMERALDAS,MAJUA,1/17/18
8,1,63,ESMERALDAS,ESMERALDAS,SAN MATEO,1/17/18
8,1,65,ESMERALDAS,ESMERALDAS,TABIAZO,1/17/18
8,1,66,ESMERALDAS,ESMERALDAS,TACHINA,1/17/18
8,1,68,ESMERALDAS,ESMERALDAS,VUELTA LARGA,1/17/18
4,3,50,CARCHI,ESPEJO,EL ANGEL,2/9/18
4,3,51,CARCHI,ESPEJO,EL GOALTAL,2/9/18
4,3,52,CARCHI,ESPEJO,LA LIBERTAD (ALIZO),2/9/18
4,3,53,CARCHI,ESPEJO,SAN ISIDRO,2/9/18
11,6,50,LOJA,ESPINDOLA,AMALUZA,6/21/19
11,6,51,LOJA,ESPINDOLA,BELLAVISTA,6/21/19
11,6,52,LOJA,ESPINDOLA,JIMBURA,6/21/19
11,6,53,LOJA,ESPINDOLA,SANTA TERESITA,6/21/19
11,6,54,LOJA,ESPINDOLA,27 DE ABRIL (CAB. EN LA NARANJA) ,6/21/19
11,6,55,LOJA,ESPINDOLA,EL INGENIO,6/21/19
11,6,56,LOJA,ESPINDOLA,EL AIRO,6/21/19
13,5,50,MANABI,FLAVIO ALFARO,FLAVIO ALFARO,4/19/18
13,5,51,MANABI,FLAVIO ALFARO,SAN FRANCISCO DE NOVILLO (CAB. EN  NOVILLO),4/19/18
13,5,52,MANABI,FLAVIO ALFARO,ZAPALLO,4/19/18
9,27,50,GUAYAS,GENERAL ANTONIO ELIZALDE,GENERAL ANTONIO ELIZALDE (BUCAY),10/31/18
1,2,50,AZUAY,GIRON,GIRON,3/9/18
1,2,51,AZUAY,GIRON,ASUNCION,3/9/18
1,2,52,AZUAY,GIRON,SAN GERARDO,3/9/18
21,2,50,SUCUMBIOS,GONZALO PIZARRO,LUMBAQUI,3/8/19
21,2,51,SUCUMBIOS,GONZALO PIZARRO,EL REVENTADOR   ,3/8/19
21,2,52,SUCUMBIOS,GONZALO PIZARRO,GONZALO PIZARRO ,3/8/19
21,2,54,SUCUMBIOS,GONZALO PIZARRO,PUERTO LIBRE,3/8/19
11,7,50,LOJA,GONZANAMA,GONZANAMA,3/29/19
11,7,51,LOJA,GONZANAMA,CHANGAIMINA (LA LIBERTAD) ,3/29/19
11,7,53,LOJA,GONZANAMA,NAMBACOLA,3/29/19
11,7,54,LOJA,GONZANAMA,PURUNUMA (EGUIGUREN) ,3/29/19
11,7,56,LOJA,GONZANAMA,SACAPALCA,3/29/19
1,14,50,AZUAY,GUACHAPALA, GUACHAPALA,4/20/18
1,3,50,AZUAY,GUALACEO,GUALACEO,12/7/17
1,3,52,AZUAY,GUALACEO,DANIEL CORDOVA TORAL (EL ORIENTE) ,12/7/17
1,3,53,AZUAY,GUALACEO,JADAN,12/7/17
1,3,54,AZUAY,GUALACEO,MARIANO MORENO,12/7/17
1,3,56,AZUAY,GUALACEO,REMIGIO CRESPO TORAL (GULAG),12/7/17
1,3,57,AZUAY,GUALACEO,SAN JUAN,12/7/17
1,3,58,AZUAY,GUALACEO,ZHIDMAD,12/7/17
1,3,59,AZUAY,GUALACEO,LUIS CORDERO VEGA,12/7/17
1,3,60,AZUAY,GUALACEO,SIMON BOLIVAR (CAB. EN GAÑANZOL),12/7/17
14,2,50,MORONA SANTIAGO,GUALAQUIZA,GUALAQUIZA,3/15/19
14,2,51,MORONA SANTIAGO,GUALAQUIZA,AMAZONAS (ROSARIO DE CUYES) ,3/15/19
14,2,52,MORONA SANTIAGO,GUALAQUIZA,BERMEJOS,3/15/19
14,2,53,MORONA SANTIAGO,GUALAQUIZA,BOMBOIZA,3/15/19
14,2,54,MORONA SANTIAGO,GUALAQUIZA,CHIGÜINDA,3/15/19
14,2,55,MORONA SANTIAGO,GUALAQUIZA,EL ROSARIO,3/15/19
14,2,56,MORONA SANTIAGO,GUALAQUIZA,NUEVA TARQUI,3/15/19
14,2,57,MORONA SANTIAGO,GUALAQUIZA,SAN MIGUEL DE CUYES,3/15/19
14,2,58,MORONA SANTIAGO,GUALAQUIZA,EL IDEAL,3/15/19
6,6,50,CHIMBORAZO,GUAMOTE,GUAMOTE,8/13/17
6,6,51,CHIMBORAZO,GUAMOTE,CEBADAS,8/13/17
6,6,52,CHIMBORAZO,GUAMOTE,PALMIRA,8/13/17
6,7,50,CHIMBORAZO,GUANO,GUANO,8/14/17
6,7,51,CHIMBORAZO,GUANO,GUANANDO,8/14/17
6,7,52,CHIMBORAZO,GUANO,ILAPO,8/14/17
6,7,53,CHIMBORAZO,GUANO,LA PROVIDENCIA,8/14/17
6,7,54,CHIMBORAZO,GUANO,SAN ANDRES,8/14/17
6,7,55,CHIMBORAZO,GUANO,SAN GERARDO DE PACAICAGUAN,8/14/17
6,7,56,CHIMBORAZO,GUANO,SAN ISIDRO DE PATULU,8/14/17
6,7,57,CHIMBORAZO,GUANO,SAN JOSE DEL CHAZO,8/14/17
6,7,58,CHIMBORAZO,GUANO,SANTA FE DE GALAN,8/14/17
6,7,59,CHIMBORAZO,GUANO,VALPARAISO,8/14/17
2,1,50,BOLIVAR,GUARANDA, GUARANDA,8/30/17
2,1,51,BOLIVAR,GUARANDA,FACUNDO VELA,8/30/17
2,1,53,BOLIVAR,GUARANDA,JULIO E. MORENO (CATANAHUAN GRANDE),8/30/17
2,1,55,BOLIVAR,GUARANDA,SALINAS,8/30/17
2,1,56,BOLIVAR,GUARANDA,SAN LORENZO,8/30/17
2,1,57,BOLIVAR,GUARANDA,SAN SIMON (YACOTO),8/30/17
2,1,58,BOLIVAR,GUARANDA,SANTAFE (SANTA FE),8/30/17
2,1,59,BOLIVAR,GUARANDA,SIMIATUG,8/30/17
2,1,60,BOLIVAR,GUARANDA,SAN LUIS DE PAMBIL,8/30/17
9,1,50,GUAYAS,GUAYAQUIL,GUAYAQUIL,#N/A
9,1,52,GUAYAS,GUAYAQUIL,JUAN GOMEZ RENDON (PROGRESO) ,#N/A
9,1,53,GUAYAS,GUAYAQUIL,MORRO,#N/A
9,1,56,GUAYAS,GUAYAQUIL,POSORJA,#N/A
9,1,57,GUAYAS,GUAYAQUIL,PUNA,#N/A
9,1,58,GUAYAS,GUAYAQUIL,TENGUEL,#N/A
14,7,50,MORONA SANTIAGO,HUAMBOYA,HUAMBOYA,2/10/19
14,7,51,MORONA SANTIAGO,HUAMBOYA,CHIGUAZA,2/10/19
7,7,50,EL ORO,HUAQUILLAS,HUAQUILLAS,6/7/19
10,1,50,IMBABURA,IBARRA,SAN MIGUEL DE IBARRA,11/22/19
10,1,51,IMBABURA,IBARRA,AMBUQUI,11/22/19
10,1,52,IMBABURA,IBARRA,ANGOCHAGUA,11/22/19
10,1,53,IMBABURA,IBARRA,CAROLINA,11/22/19
10,1,54,IMBABURA,IBARRA,LA ESPERANZA,11/22/19
10,1,55,IMBABURA,IBARRA,LITA,11/22/19
10,1,56,IMBABURA,IBARRA,SALINAS,11/22/19
10,1,57,IMBABURA,IBARRA,SAN ANTONIO,11/22/19
20,2,50,GALAPAGOS,ISABELA,PUERTO VILLAMIL,1/22/18
20,2,51,GALAPAGOS,ISABELA,TOMAS DE BERLANGA (SANTO TOMAS),1/22/18
9,28,50,GUAYAS,ISIDRO AYORA,ISIDRO AYORA,10/26/18
13,20,50,MANABI,JAMA,JAMA,3/2/18
13,21,50,MANABI,JARAMIJO,JARAMIJO,#N/A
13,6,50,MANABI,JIPIJAPA,JIPIJAPA,6/1/18
13,6,51,MANABI,JIPIJAPA,AMERICA,6/1/18
13,6,52,MANABI,JIPIJAPA,EL ANEGADO (CAB. EN ELOY ALFARO),6/1/18
13,6,53,MANABI,JIPIJAPA,JULCUY,6/1/18
13,6,54,MANABI,JIPIJAPA,LA UNION,6/1/18
13,6,56,MANABI,JIPIJAPA,MEMBRILLAL,6/1/18
13,6,57,MANABI,JIPIJAPA,PEDRO PABLO GOMEZ,6/1/18
13,6,58,MANABI,JIPIJAPA,PUERTO DE CAYO,6/1/18
13,7,50,MANABI,JUNIN,JUNIN,1/25/18
8,8,50,ESMERALDAS,LA CONCORDIA,LA CONCORDIA,10/1/17
22,3,50,ORELLANA,LA JOYA DE LOS SACHAS,LA JOYA DE LOS SACHAS,6/8/18
22,3,51,ORELLANA,LA JOYA DE LOS SACHAS,ENOKANQUI ,6/8/18
22,3,52,ORELLANA,LA JOYA DE LOS SACHAS,POMPEYA,6/8/18
22,3,53,ORELLANA,LA JOYA DE LOS SACHAS,SAN CARLOS,6/8/18
22,3,54,ORELLANA,LA JOYA DE LOS SACHAS,SAN SEBASTIAN DEL COCA,6/8/18
22,3,55,ORELLANA,LA JOYA DE LOS SACHAS,LAGO SAN PEDRO,6/8/18
22,3,56,ORELLANA,LA JOYA DE LOS SACHAS,RUMIPAMBA,6/8/18
22,3,57,ORELLANA,LA JOYA DE LOS SACHAS,TRES DE NOVIEMBRE,6/8/18
22,3,58,ORELLANA,LA JOYA DE LOS SACHAS,UNION MILAGREÑA,6/8/18
24,2,50,SANTA ELENA,LA LIBERTAD,LA LIBERTAD,5/4/18
5,2,50,COTOPAXI,LA MANA,LA MANA,1/4/19
5,2,51,COTOPAXI,LA MANA,GUASAGANDA (CAB.EN GUASAGANDA CENTRO),1/4/19
5,2,52,COTOPAXI,LA MANA,PUCAYACU,1/4/19
3,4,50,CAÑAR,LA TRONCAL, LA TRONCAL,2/22/19
3,4,51,CAÑAR,LA TRONCAL,MANUEL J. CALLE,2/22/19
3,4,52,CAÑAR,LA TRONCAL,PANCHO NEGRO,2/22/19
21,1,50,SUCUMBIOS,LAGO AGRIO,NUEVA LOJA,12/15/18
21,1,52,SUCUMBIOS,LAGO AGRIO,DURENO,12/15/18
21,1,53,SUCUMBIOS,LAGO AGRIO,GENERAL FARFAN,12/15/18
21,1,55,SUCUMBIOS,LAGO AGRIO,EL ENO,12/15/18
21,1,56,SUCUMBIOS,LAGO AGRIO,PACAYACU,12/15/18
21,1,57,SUCUMBIOS,LAGO AGRIO,JAMBELI,12/15/18
21,1,58,SUCUMBIOS,LAGO AGRIO,SANTA CECILIA,12/15/18
7,14,50,EL ORO,LAS LAJAS,LA VICTORIA,6/7/19
7,14,51,EL ORO,LAS LAJAS,LA LIBERTAD,6/7/19
7,14,52,EL ORO,LAS LAJAS,EL PARAISO ,6/7/19
7,14,53,EL ORO,LAS LAJAS,SAN ISIDRO,6/7/19
2,7,50,BOLIVAR,LAS NAVES, LAS NAVES,1/31/18
5,1,50,COTOPAXI,LATACUNGA,LATACUNGA,#N/A
5,1,51,COTOPAXI,LATACUNGA,ALAQUES (ALAQUEZ) ,#N/A
5,1,52,COTOPAXI,LATACUNGA,BELISARIO QUEVEDO (GUANAILIN),#N/A
5,1,53,COTOPAXI,LATACUNGA,GUAITACAMA (GUAYTACAMA) ,#N/A
5,1,54,COTOPAXI,LATACUNGA,JOSEGUANGO BAJO,#N/A
5,1,56,COTOPAXI,LATACUNGA,MULALO,#N/A
5,1,57,COTOPAXI,LATACUNGA,11 DE NOVIEMBRE (ILINCHISI),#N/A
5,1,58,COTOPAXI,LATACUNGA,POALO,#N/A
5,1,59,COTOPAXI,LATACUNGA,SAN JUAN DE PASTOCALLE,#N/A
5,1,61,COTOPAXI,LATACUNGA,TANICUCHI,#N/A
5,1,62,COTOPAXI,LATACUNGA,TOACASO,#N/A
14,3,50,MORONA SANTIAGO,LIMON INDANZA,GENERAL LEONIDAS PLAZA GUTIERREZ (LIMON),4/8/19
14,3,51,MORONA SANTIAGO,LIMON INDANZA,INDANZA,4/8/19
14,3,53,MORONA SANTIAGO,LIMON INDANZA,SAN ANTONIO (CAB. EN SAN ANTONIO CENTRO,4/8/19
14,3,56,MORONA SANTIAGO,LIMON INDANZA,SAN MIGUEL DE CONCHAY,4/8/19
14,3,57,MORONA SANTIAGO,LIMON INDANZA,SANTA SUSANA DE CHIVIAZA (CAB. EN CHIVIAZA),4/8/19
14,3,58,MORONA SANTIAGO,LIMON INDANZA,YUNGANZA (CAB. EN EL ROSARIO),4/8/19
14,10,50,MORONA SANTIAGO,LOGROÑO,LOGROÑO,7/20/18
14,10,51,MORONA SANTIAGO,LOGROÑO,YAUPI,7/20/18
14,10,52,MORONA SANTIAGO,LOGROÑO,SHIMPIS,7/20/18
11,1,50,LOJA,LOJA,LOJA,#N/A
11,1,51,LOJA,LOJA,CHANTACO,#N/A
11,1,52,LOJA,LOJA,CHUQUIRIBAMBA,#N/A
11,1,53,LOJA,LOJA,EL CISNE,#N/A
11,1,54,LOJA,LOJA,GUALEL,#N/A
11,1,55,LOJA,LOJA,JIMBILLA,#N/A
11,1,56,LOJA,LOJA,MALACATOS (VALLADOLID) ,#N/A
11,1,57,LOJA,LOJA,SAN LUCAS,#N/A
11,1,58,LOJA,LOJA,SAN PEDRO DE VILCABAMBA,#N/A
11,1,59,LOJA,LOJA,SANTIAGO,#N/A
11,1,60,LOJA,LOJA,TAQUIL (MIGUEL RIOFRIO),#N/A
11,1,61,LOJA,LOJA,VILCABAMBA  (VICTORIA),#N/A
11,1,62,LOJA,LOJA,YANGANA (ARSENIO CASTILLO),#N/A
11,1,63,LOJA,LOJA,QUINARA,#N/A
9,24,50,GUAYAS,LOMAS DE SARGENTILLO,LOMAS DE SARGENTILLO,10/26/18
22,4,50,ORELLANA,LORETO,LORETO,12/7/18
22,4,51,ORELLANA,LORETO,AVILA (CAB. EN HUIRUNO) ,12/7/18
22,4,52,ORELLANA,LORETO,PUERTO MURIALDO,12/7/18
22,4,53,ORELLANA,LORETO,SAN JOSE DE PAYAMINO,12/7/18
22,4,54,ORELLANA,LORETO,SAN JOSE DE DAHUANO,12/7/18
22,4,55,ORELLANA,LORETO,SAN VICENTE DE HUATICOCHA,12/7/18
11,8,50,LOJA,MACARA,MACARA,3/1/19
11,8,51,LOJA,MACARA,LARAMA,3/1/19
11,8,52,LOJA,MACARA,LA VICTORIA,3/1/19
11,8,53,LOJA,MACARA,SABIANGO (LA CAPILLA),3/1/19
7,1,50,EL ORO,MACHALA,MACHALA,11/22/19
7,1,52,EL ORO,MACHALA,EL RETIRO,11/22/19
13,8,50,MANABI,MANTA,MANTA,12/18/19
13,8,51,MANABI,MANTA,SAN LORENZO,12/18/19
13,8,52,MANABI,MANTA,SANTA MARIANITA (BOCA DE PACOCHE),12/18/19
7,8,50,EL ORO,MARCABELI,MARCABELI,1/16/18
7,8,51,EL ORO,MARCABELI,EL INGENIO,1/16/18
17,3,50,PICHINCHA,MEJIA,MACHACHI,11/28/19
17,3,51,PICHINCHA,MEJIA,ALOAG,11/28/19
17,3,52,PICHINCHA,MEJIA,ALOASI,11/28/19
17,3,53,PICHINCHA,MEJIA,CUTUGLAHUA,11/28/19
17,3,54,PICHINCHA,MEJIA,EL CHAUPI,11/28/19
17,3,55,PICHINCHA,MEJIA,MANUEL CORNEJO ASTORGA (TANDAPI),11/28/19
17,3,56,PICHINCHA,MEJIA,TAMBILLO,11/28/19
17,3,57,PICHINCHA,MEJIA,UYUMBICHO,11/28/19
16,2,50,PASTAZA,MERA,MERA,12/1/17
16,2,51,PASTAZA,MERA,MADRE TIERRA,12/1/17
16,2,52,PASTAZA,MERA,SHELL,12/1/17
9,10,50,GUAYAS,MILAGRO,MILAGRO,1/4/18
9,10,51,GUAYAS,MILAGRO,CHOBO,1/4/18
9,10,53,GUAYAS,MILAGRO,MARISCAL SUCRE (HUAQUES),1/4/18
9,10,54,GUAYAS,MILAGRO,ROBERTO ASTUDILLO (CAB. EN CRUCE DE VENECIA) ,1/4/18
4,4,50,CARCHI,MIRA,MIRA (CHONTAHUASI),2/9/18
4,4,51,CARCHI,MIRA,CONCEPCION,2/9/18
4,4,52,CARCHI,MIRA,JIJON Y CAAMAÑO (CAB. EN RIO BLANCO),2/9/18
4,4,53,CARCHI,MIRA,JUAN MONTALVO (SAN IGNACIO DE QUIL),2/9/18
12,12,50,LOS RIOS,MOCACHE,MOCACHE,6/23/19
18,4,50,TUNGURAHUA,MOCHA,MOCHA,3/29/18
18,4,51,TUNGURAHUA,MOCHA,PINGUILI,3/29/18
12,3,50,LOS RIOS,MONTALVO,MONTALVO,8/30/17
13,9,50,MANABI,MONTECRISTI,MONTECRISTI,12/18/19
13,9,52,MANABI,MONTECRISTI,LA PILA,12/18/19
4,5,50,CARCHI,MONTUFAR,SAN GABRIEL,6/17/19
4,5,51,CARCHI,MONTUFAR,CRISTOBAL COLON,6/17/19
4,5,52,CARCHI,MONTUFAR,CHITAN DE NAVARRETE,6/17/19
4,5,53,CARCHI,MONTUFAR,FERNANDEZ SALVADOR,6/17/19
4,5,54,CARCHI,MONTUFAR,LA PAZ,6/17/19
4,5,55,CARCHI,MONTUFAR,PIARTAL,6/17/19
14,1,50,MORONA SANTIAGO,MORONA,MACAS,10/12/18
14,1,51,MORONA SANTIAGO,MORONA,ALSHI (CAB. EN 9 DE OCTUBRE) ,10/12/18
14,1,53,MORONA SANTIAGO,MORONA,GENERAL PROAÑO,10/12/18
14,1,56,MORONA SANTIAGO,MORONA,SAN ISIDRO,10/12/18
14,1,57,MORONA SANTIAGO,MORONA,SEVILLA DON BOSCO,10/12/18
14,1,58,MORONA SANTIAGO,MORONA,SINAI,10/12/18
14,1,60,MORONA SANTIAGO,MORONA,ZUÑA (ZUÑAC),10/12/18
14,1,62,MORONA SANTIAGO,MORONA,CUCHAENTZA,10/12/18
14,1,64,MORONA SANTIAGO,MORONA,RIO BLANCO,10/12/18
8,3,50,ESMERALDAS,MUISNE,MUISNE,1/11/18
8,3,51,ESMERALDAS,MUISNE,BOLIVAR,1/11/18
8,3,52,ESMERALDAS,MUISNE,DAULE,1/11/18
8,3,53,ESMERALDAS,MUISNE,GALERA,1/11/18
8,3,54,ESMERALDAS,MUISNE,QUINGUE (OLMEDO PERDOMO FRANCO) ,1/11/18
8,3,55,ESMERALDAS,MUISNE,SALIMA,1/11/18
8,3,56,ESMERALDAS,MUISNE,SAN FRANCISCO,1/11/18
8,3,57,ESMERALDAS,MUISNE,SAN GREGORIO,1/11/18
8,3,58,ESMERALDAS,MUISNE,SAN JOSE DE CHAMANGA (CAB.EN CHAMANGA),1/11/18
1,4,50,AZUAY,NABON, NABON,3/24/18
1,4,51,AZUAY,NABON,COCHAPATA,3/24/18
1,4,52,AZUAY,NABON,EL PROGRESO (CAB.EN ZHOTA) ,3/24/18
1,4,53,AZUAY,NABON,LAS NIEVES (CHAYA),3/24/18
19,3,50,ZAMORA CHINCHIPE,NANGARITZA,GUAYZIMI,5/17/19
19,3,51,ZAMORA CHINCHIPE,NANGARITZA,ZURMI,5/17/19
19,3,52,ZAMORA CHINCHIPE,NANGARITZA,NUEVO PARAISO,5/17/19
9,11,50,GUAYAS,NARANJAL,NARANJAL,11/29/17
9,11,51,GUAYAS,NARANJAL,JESUS MARIA,11/29/17
9,11,52,GUAYAS,NARANJAL,SAN CARLOS,11/29/17
9,11,53,GUAYAS,NARANJAL,SANTA ROSA DE FLANDES,11/29/17
9,11,54,GUAYAS,NARANJAL,TAURA,11/29/17
9,12,50,GUAYAS,NARANJITO,NARANJITO,2/22/19
9,25,50,GUAYAS,NOBOL,NARCISA DE JESUS,11/30/18
11,16,50,LOJA,OLMEDO,OLMEDO,11/9/18
11,16,51,LOJA,OLMEDO,LA TINGUE,11/9/18
13,18,50,MANABI,OLMEDO,OLMEDO,11/9/18
1,10,50,AZUAY,OÑA,SAN FELIPE DE OÑA,3/24/18
1,10,51,AZUAY,OÑA,SUSUDEL,3/24/18
22,1,50,ORELLANA,ORELLANA,PUERTO FRANCISCO DE ORELLANA (EL COCA),12/7/18
22,1,51,ORELLANA,ORELLANA,DAYUMA,12/7/18
22,1,52,ORELLANA,ORELLANA,TARACOA (CAB. EN NUEVA ESPERANZA: YUCA),12/7/18
22,1,53,ORELLANA,ORELLANA,ALEJANDRO LABAKA,12/7/18
22,1,54,ORELLANA,ORELLANA,EL DORADO,12/7/18
22,1,55,ORELLANA,ORELLANA,EL EDEN,12/7/18
22,1,56,ORELLANA,ORELLANA,GARCIA MORENO,12/7/18
22,1,57,ORELLANA,ORELLANA,INES ARANGO (CAB. EN WESTERN),12/7/18
22,1,58,ORELLANA,ORELLANA,LA BELLEZA,12/7/18
22,1,59,ORELLANA,ORELLANA,NUEVO PARAISO (CAB. EN UNIÓN CHIMBORAZO),12/7/18
22,1,60,ORELLANA,ORELLANA,SAN JOSE DE GUAYUSA,12/7/18
22,1,61,ORELLANA,ORELLANA,SAN LUIS DE ARMENIA,12/7/18
10,4,50,IMBABURA,OTAVALO,OTAVALO,4/5/18
10,4,51,IMBABURA,OTAVALO,DR. MIGUEL EGAS CABEZAS (PEGUCHE) ,4/5/18
10,4,52,IMBABURA,OTAVALO,EUGENIO ESPEJO (CALPAQUI) ,4/5/18
10,4,53,IMBABURA,OTAVALO,GONZALEZ SUAREZ,4/5/18
10,4,54,IMBABURA,OTAVALO,PATAQUI,4/5/18
10,4,55,IMBABURA,OTAVALO,SAN JOSE DE QUICHINCHE ,4/5/18
10,4,56,IMBABURA,OTAVALO,SAN JUAN DE ILUMAN,4/5/18
10,4,57,IMBABURA,OTAVALO,SAN PABLO,4/5/18
10,4,58,IMBABURA,OTAVALO,SAN RAFAEL,4/5/18
10,4,59,IMBABURA,OTAVALO,SELVA ALEGRE (CAB.EN SAN MIGUEL DE PAMPLONA),4/5/18
14,11,50,MORONA SANTIAGO,PABLO SEXTO,PABLO SEXTO,2/17/19
13,10,50,MANABI,PAJAN,PAJAN,5/23/19
13,10,51,MANABI,PAJAN,CAMPOZANO (LA PALMA DE PAJAN),5/23/19
13,10,52,MANABI,PAJAN,CASCOL,5/23/19
13,10,53,MANABI,PAJAN,GUALE,5/23/19
13,10,54,MANABI,PAJAN,LASCANO,5/23/19
19,8,50,ZAMORA CHINCHIPE,PALANDA,PALANDA,5/23/19
19,8,51,ZAMORA CHINCHIPE,PALANDA,EL PORVENIR DEL CARMEN,5/23/19
19,8,52,ZAMORA CHINCHIPE,PALANDA,SAN FRANCISCO DEL VERGEL,5/23/19
19,8,53,ZAMORA CHINCHIPE,PALANDA,VALLADOLID,5/23/19
19,8,54,ZAMORA CHINCHIPE,PALANDA,LA CANELA,5/23/19
12,9,50,LOS RIOS,PALENQUE,PALENQUE,4/3/19
9,13,50,GUAYAS,PALESTINA,PALESTINA,2/26/18
6,8,50,CHIMBORAZO,PALLATANGA,PALLATANGA,10/1/18
14,4,50,MORONA SANTIAGO,PALORA,PALORA (METZERA),2/17/19
14,4,51,MORONA SANTIAGO,PALORA,ARAPICOS,2/17/19
14,4,52,MORONA SANTIAGO,PALORA,CUMANDA (CAB. EN COLONIA AGRICOLA SEVILLA DEL ORO),2/17/19
14,4,54,MORONA SANTIAGO,PALORA,SANGAY (CAB. EN NAYAMANACA),2/17/19
14,4,55,MORONA SANTIAGO,PALORA,16 DE AGOSTO,2/17/19
11,9,50,LOJA,PALTAS,CATACOCHA,6/1/18
11,9,51,LOJA,PALTAS,CANGONAMA,6/1/18
11,9,52,LOJA,PALTAS,GUACHANAMA,6/1/18
11,9,54,LOJA,PALTAS,LAURO GUERRERO,6/1/18
11,9,56,LOJA,PALTAS,ORIANGA,6/1/18
11,9,57,LOJA,PALTAS,SAN ANTONIO,6/1/18
11,9,58,LOJA,PALTAS,CASANGA,6/1/18
11,9,59,LOJA,PALTAS,YAMANA,6/1/18
5,3,50,COTOPAXI,PANGUA,EL CORAZON,4/5/19
5,3,51,COTOPAXI,PANGUA,MORASPUNGO,4/5/19
5,3,52,COTOPAXI,PANGUA,PINLLOPATA,4/5/19
5,3,53,COTOPAXI,PANGUA,RAMON CAMPAÑA,4/5/19
19,9,50,ZAMORA CHINCHIPE,PAQUISHA,PAQUISHA,5/17/19
19,9,51,ZAMORA CHINCHIPE,PAQUISHA,BELLAVISTA,5/17/19
19,9,52,ZAMORA CHINCHIPE,PAQUISHA,NUEVO QUITO,5/17/19
7,9,50,EL ORO,PASAJE,PASAJE,3/3/18
7,9,51,EL ORO,PASAJE,BUENAVISTA,3/3/18
7,9,52,EL ORO,PASAJE,CASACAY,3/3/18
7,9,53,EL ORO,PASAJE,LA PEAÑA,3/3/18
7,9,54,EL ORO,PASAJE,PROGRESO,3/3/18
7,9,55,EL ORO,PASAJE,UZHCURRUMI,3/3/18
7,9,56,EL ORO,PASAJE,CAÑAQUEMADA ,3/3/18
16,1,50,PASTAZA,PASTAZA,PUYO,1/2/18
16,1,52,PASTAZA,PASTAZA,CANELOS,1/2/18
16,1,54,PASTAZA,PASTAZA,DIEZ  DE AGOSTO,1/2/18
16,1,55,PASTAZA,PASTAZA,FATIMA,1/2/18
16,1,56,PASTAZA,PASTAZA,MONTALVO (ANDOAS) ,1/2/18
16,1,57,PASTAZA,PASTAZA,POMONA,1/2/18
16,1,58,PASTAZA,PASTAZA,RIO CORRIENTES ,1/2/18
16,1,59,PASTAZA,PASTAZA,RIO TIGRE,1/2/18
16,1,61,PASTAZA,PASTAZA,SARAYACU,1/2/18
16,1,62,PASTAZA,PASTAZA,SIMON BOLIVAR  (CAB. EN MUSHULLACTA),1/2/18
16,1,63,PASTAZA,PASTAZA,TARQUI,1/2/18
16,1,64,PASTAZA,PASTAZA,TENIENTE HUGO ORTIZ,1/2/18
16,1,65,PASTAZA,PASTAZA,VERACRUZ (INDILLAMA) (CAB. EN INDILLAMA),1/2/18
16,1,66,PASTAZA,PASTAZA,EL TRIUNFO,1/2/18
18,5,50,TUNGURAHUA,PATATE,PATATE,2/2/19
18,5,51,TUNGURAHUA,PATATE,EL TRIUNFO,2/2/19
18,5,52,TUNGURAHUA,PATATE,LOS ANDES (CAB. EN POATUG) ,2/2/19
18,5,53,TUNGURAHUA,PATATE,SUCRE (CAB. EN SUCRE-PATATE URCU),2/2/19
1,5,50,AZUAY,PAUTE,PAUTE,4/20/18
1,5,52,AZUAY,PAUTE,BULAN (JOSE VICTOR IZQUIERDO) ,4/20/18
1,5,53,AZUAY,PAUTE,CHICAN (GUILLERMO ORTEGA) ,4/20/18
1,5,54,AZUAY,PAUTE,EL CABO  ,4/20/18
1,5,56,AZUAY,PAUTE,GUARAINAG,4/20/18
1,5,59,AZUAY,PAUTE,SAN CRISTOBAL (CARLOS ORDOÑEZ LAZO) ,4/20/18
1,5,61,AZUAY,PAUTE,TOMEBAMBA,4/20/18
1,5,62,AZUAY,PAUTE,DUG DUG,4/20/18
13,17,50,MANABI,PEDERNALES,PEDERNALES,3/3/18
13,17,51,MANABI,PEDERNALES,COJIMIES,3/3/18
13,17,52,MANABI,PEDERNALES,10 DE AGOSTO,3/3/18
13,17,53,MANABI,PEDERNALES,ATAHUALPA,3/3/18
9,14,50,GUAYAS,PEDRO CARBO,PEDRO CARBO,10/26/18
9,14,51,GUAYAS,PEDRO CARBO,VALLE DE LA VIRGEN ,10/26/18
9,14,52,GUAYAS,PEDRO CARBO,SABANILLA,10/26/18
17,4,50,PICHINCHA,PEDRO MONCAYO,TABACUNDO,10/26/18
17,4,51,PICHINCHA,PEDRO MONCAYO,LA ESPERANZA,10/26/18
17,4,52,PICHINCHA,PEDRO MONCAYO,MALCHINGUI,10/26/18
17,4,53,PICHINCHA,PEDRO MONCAYO,TOCACHI,10/26/18
17,4,54,PICHINCHA,PEDRO MONCAYO,TUPIGACHI,10/26/18
17,8,50,PICHINCHA,PEDRO VICENTE MALDONADO,PEDRO VICENTE MALDONADO,10/19/18
6,9,50,CHIMBORAZO,PENIPE,PENIPE,8/14/17
6,9,51,CHIMBORAZO,PENIPE,EL ALTAR,8/14/17
6,9,52,CHIMBORAZO,PENIPE,MATUS,8/14/17
6,9,53,CHIMBORAZO,PENIPE,PUELA,8/14/17
6,9,54,CHIMBORAZO,PENIPE,SAN ANTONIO DE BAYUSHIG,8/14/17
6,9,55,CHIMBORAZO,PENIPE,LA CANDELARIA,8/14/17
6,9,56,CHIMBORAZO,PENIPE,BILBAO (CAB.EN QUILLUYACU),8/14/17
13,11,50,MANABI,PICHINCHA,PICHINCHA,2/7/19
13,11,51,MANABI,PICHINCHA,BARRAGANETE ,2/7/19
13,11,52,MANABI,PICHINCHA,SAN SEBASTIAN,2/7/19
10,5,50,IMBABURA,PIMAMPIRO,PIMAMPIRO,11/6/17
10,5,51,IMBABURA,PIMAMPIRO,CHUGA,11/6/17
10,5,52,IMBABURA,PIMAMPIRO,MARIANO ACOSTA,11/6/17
10,5,53,IMBABURA,PIMAMPIRO,SAN FRANCISCO DE SIGSIPAMBA,11/6/17
7,10,50,EL ORO,PIÑAS,PIÑAS,1/16/18
7,10,51,EL ORO,PIÑAS,CAPIRO (CAB. EN LA CAPILLA DE CAPIRO),1/16/18
7,10,52,EL ORO,PIÑAS,LA BOCANA,1/16/18
7,10,53,EL ORO,PIÑAS,MOROMORO (CAB. EN EL VADO),1/16/18
7,10,54,EL ORO,PIÑAS,PIEDRAS,1/16/18
7,10,55,EL ORO,PIÑAS,SAN ROQUE (AMBROSIO MALDONADO),1/16/18
7,10,56,EL ORO,PIÑAS,SARACAY,1/16/18
11,14,50,LOJA,PINDAL,PINDAL,4/18/19
11,14,51,LOJA,PINDAL,CHAQUINAL,4/18/19
11,14,52,LOJA,PINDAL,12 DE DICIEMBRE (CAB.EN ACHIOTES),4/18/19
9,21,50,GUAYAS,PLAYAS,GENERAL VILLAMIL (PLAYAS),5/19/18
7,11,50,EL ORO,PORTOVELO,PORTOVELO,1/16/18
7,11,51,EL ORO,PORTOVELO,CURTINCAPA,1/16/18
7,11,52,EL ORO,PORTOVELO,MORALES,1/16/18
7,11,53,EL ORO,PORTOVELO,SALATI,1/16/18
13,1,50,MANABI,PORTOVIEJO,PORTOVIEJO,12/18/19
13,1,51,MANABI,PORTOVIEJO,ABDON CALDERON (SAN FRANCISCO),12/18/19
13,1,52,MANABI,PORTOVIEJO,ALHAJUELA (BAJO GRANDE) ,12/18/19
13,1,53,MANABI,PORTOVIEJO,CRUCITA,12/18/19
13,1,54,MANABI,PORTOVIEJO,PUEBLO NUEVO,12/18/19
13,1,55,MANABI,PORTOVIEJO,RIOCHICO (RIO CHICO),12/18/19
13,1,56,MANABI,PORTOVIEJO,SAN PLACIDO,12/18/19
13,1,57,MANABI,PORTOVIEJO,CHIRIJOS,12/18/19
1,6,50,AZUAY,PUCARA, PUCARA,3/9/18
1,6,52,AZUAY,PUCARA,SAN RAFAEL DE SHARUG,3/9/18
12,4,50,LOS RIOS,PUEBLOVIEJO,PUEBLOVIEJO,4/18/19
12,4,51,LOS RIOS,PUEBLOVIEJO,PUERTO PECHICHE,4/18/19
12,4,52,LOS RIOS,PUEBLOVIEJO,SAN JUAN,4/18/19
13,19,50,MANABI,PUERTO LOPEZ,PUERTO LOPEZ,6/1/18
13,19,51,MANABI,PUERTO LOPEZ,MACHALILLA,6/1/18
13,19,52,MANABI,PUERTO LOPEZ,SALANGO,6/1/18
17,9,50,PICHINCHA,PUERTO QUITO,PUERTO QUITO,10/19/18
5,4,50,COTOPAXI,PUJILI,PUJILI,5/28/18
5,4,51,COTOPAXI,PUJILI,ANGAMARCA,5/28/18
5,4,53,COTOPAXI,PUJILI,GUANGAJE,5/28/18
5,4,55,COTOPAXI,PUJILI,LA VICTORIA,5/28/18
5,4,56,COTOPAXI,PUJILI,PILALO,5/28/18
5,4,57,COTOPAXI,PUJILI,TINGO,5/28/18
5,4,58,COTOPAXI,PUJILI,ZUMBAHUA,5/28/18
21,3,50,SUCUMBIOS,PUTUMAYO,PUERTO EL CARMEN DEL PUTUMAYO,11/23/18
21,3,51,SUCUMBIOS,PUTUMAYO,PALMA ROJA,11/23/18
21,3,52,SUCUMBIOS,PUTUMAYO,PUERTO BOLIVAR (PUERTO MONTUFAR),11/23/18
21,3,53,SUCUMBIOS,PUTUMAYO,PUERTO RODRIGUEZ,11/23/18
21,3,54,SUCUMBIOS,PUTUMAYO,SANTA ELENA,11/23/18
11,10,50,LOJA,PUYANGO,ALAMOR,4/18/19
11,10,51,LOJA,PUYANGO,CIANO,4/18/19
11,10,52,LOJA,PUYANGO,EL ARENAL,4/18/19
11,10,53,LOJA,PUYANGO,EL LIMO (MARIANA DE JESUS),4/18/19
11,10,54,LOJA,PUYANGO,MERCADILLO,4/18/19
11,10,55,LOJA,PUYANGO,VICENTINO,4/18/19
18,6,50,TUNGURAHUA,QUERO,QUERO,3/21/18
18,6,51,TUNGURAHUA,QUERO,RUMIPAMBA,3/21/18
18,6,52,TUNGURAHUA,QUERO,YANAYACU - MOCHAPATA (CAB. EN YANAYACU) ,3/21/18
12,5,50,LOS RIOS,QUEVEDO,QUEVEDO,12/4/19
12,5,53,LOS RIOS,QUEVEDO,SAN CARLOS,12/4/19
12,5,55,LOS RIOS,QUEVEDO,LA ESPERANZA,12/4/19
15,7,50,NAPO,QUIJOS,BAEZA,12/2/17
15,7,51,NAPO,QUIJOS,COSANGA,12/2/17
15,7,52,NAPO,QUIJOS,CUYUJA,12/2/17
15,7,53,NAPO,QUIJOS,PAPALLACTA,12/2/17
15,7,54,NAPO,QUIJOS,SAN FRANCISCO DE BORJA (VIRGILIO DAVILA),12/2/17
15,7,56,NAPO,QUIJOS,SUMACO,12/2/17
11,15,50,LOJA,QUILANGA,QUILANGA,3/29/19
11,15,51,LOJA,QUILANGA,FUNDOCHAMBA,3/29/19
11,15,52,LOJA,QUILANGA,SAN ANTONIO DE LAS ARADAS (CAB. EN LAS ARADAS),3/29/19
8,4,50,ESMERALDAS,QUININDE,ROSA ZARATE (QUININDE),10/5/18
8,4,51,ESMERALDAS,QUININDE,CUBE,10/5/18
8,4,52,ESMERALDAS,QUININDE,CHURA (CHANCAMA) (CAB. EN EL YERBERO),10/5/18
8,4,53,ESMERALDAS,QUININDE,MALIMPIA,10/5/18
8,4,54,ESMERALDAS,QUININDE,VICHE,10/5/18
8,4,55,ESMERALDAS,QUININDE,LA UNION,10/5/18
12,13,50,LOS RIOS,QUINSALOMA,QUINSALOMA,2/8/19
17,1,50,PICHINCHA,QUITO,"QUITO DISTRITO METROPOLITANO, CABECERA CANTONAL, CAPITAL PROVINCIAL Y DE LA REPUBLICA DEL ECUADOR",#N/A
17,1,51,PICHINCHA,QUITO,ALANGASI,#N/A
17,1,52,PICHINCHA,QUITO,AMAGUAÑA,#N/A
17,1,53,PICHINCHA,QUITO,ATAHUALPA (HABASPAMBA) ,#N/A
17,1,54,PICHINCHA,QUITO,CALACALI,#N/A
17,1,55,PICHINCHA,QUITO,CALDERON (CARAPUNGO) ,#N/A
17,1,56,PICHINCHA,QUITO,CONOCOTO,#N/A
17,1,57,PICHINCHA,QUITO,CUMBAYA,#N/A
17,1,58,PICHINCHA,QUITO,CHAVEZPAMBA,#N/A
17,1,59,PICHINCHA,QUITO,CHECA (CHILPA) ,#N/A
17,1,60,PICHINCHA,QUITO,EL QUINCHE,#N/A
17,1,61,PICHINCHA,QUITO,GUALEA,#N/A
17,1,62,PICHINCHA,QUITO,GUANGOPOLO,#N/A
17,1,63,PICHINCHA,QUITO,GUAYLLABAMBA,#N/A
17,1,64,PICHINCHA,QUITO,LA MERCED,#N/A
17,1,65,PICHINCHA,QUITO,LLANO CHICO,#N/A
17,1,66,PICHINCHA,QUITO,LLOA,#N/A
17,1,68,PICHINCHA,QUITO,NANEGAL,#N/A
17,1,69,PICHINCHA,QUITO,NANEGALITO,#N/A
17,1,70,PICHINCHA,QUITO,NAYON,#N/A
17,1,71,PICHINCHA,QUITO,NONO,#N/A
17,1,72,PICHINCHA,QUITO,PACTO,#N/A
17,1,74,PICHINCHA,QUITO,PERUCHO,#N/A
17,1,75,PICHINCHA,QUITO,PIFO,#N/A
17,1,76,PICHINCHA,QUITO,PINTAG,#N/A
17,1,77,PICHINCHA,QUITO,POMASQUI,#N/A
17,1,78,PICHINCHA,QUITO,PUELLARO,#N/A
17,1,79,PICHINCHA,QUITO,PUEMBO,#N/A
17,1,80,PICHINCHA,QUITO,SAN ANTONIO,#N/A
17,1,81,PICHINCHA,QUITO,SAN JOSE DE MINAS,#N/A
17,1,83,PICHINCHA,QUITO,TABABELA,#N/A
17,1,84,PICHINCHA,QUITO,TUMBACO,#N/A
17,1,85,PICHINCHA,QUITO,YARUQUI,#N/A
17,1,86,PICHINCHA,QUITO,ZAMBIZA,#N/A
6,1,50,CHIMBORAZO,RIOBAMBA,RIOBAMBA,12/6/19
6,1,51,CHIMBORAZO,RIOBAMBA,CACHA (CAB. EN MACHANGARA) ,12/6/19
6,1,52,CHIMBORAZO,RIOBAMBA,CALPI,12/6/19
6,1,53,CHIMBORAZO,RIOBAMBA,CUBIJIES,12/6/19
6,1,54,CHIMBORAZO,RIOBAMBA,FLORES,12/6/19
6,1,55,CHIMBORAZO,RIOBAMBA,LICAN,12/6/19
6,1,56,CHIMBORAZO,RIOBAMBA,LICTO,12/6/19
6,1,57,CHIMBORAZO,RIOBAMBA,PUNGALA,12/6/19
6,1,58,CHIMBORAZO,RIOBAMBA,PUNIN,12/6/19
6,1,59,CHIMBORAZO,RIOBAMBA,QUIMIAG,12/6/19
6,1,60,CHIMBORAZO,RIOBAMBA,SAN JUAN,12/6/19
6,1,61,CHIMBORAZO,RIOBAMBA,SAN LUIS,12/6/19
8,7,50,ESMERALDAS,RIOVERDE,RIOVERDE,7/4/18
8,7,51,ESMERALDAS,RIOVERDE,CHONTADURO,7/4/18
8,7,52,ESMERALDAS,RIOVERDE,CHUMUNDE ,7/4/18
8,7,53,ESMERALDAS,RIOVERDE,LAGARTO,7/4/18
8,7,54,ESMERALDAS,RIOVERDE,MONTALVO (CAB. EN HORQUETA) ,7/4/18
8,7,55,ESMERALDAS,RIOVERDE,ROCAFUERTE,7/4/18
13,12,50,MANABI,ROCAFUERTE,ROCAFUERTE,5/11/18
17,5,50,PICHINCHA,RUMIÑAHUI,SANGOLQUI,10/5/18
17,5,51,PICHINCHA,RUMIÑAHUI,COTOGCHOA,10/5/18
17,5,52,PICHINCHA,RUMIÑAHUI,RUMIPAMBA,10/5/18
5,5,50,COTOPAXI,SALCEDO,SAN MIGUEL,1/8/18
5,5,51,COTOPAXI,SALCEDO,ANTONIO JOSE HOLGUIN  (SANTA LUCIA),1/8/18
5,5,52,COTOPAXI,SALCEDO,CUSUBAMBA,1/8/18
5,5,53,COTOPAXI,SALCEDO,MULALILLO,1/8/18
5,5,54,COTOPAXI,SALCEDO,MULLIQUINDIL (SANTA ANA),1/8/18
5,5,55,COTOPAXI,SALCEDO,PANSALEO,1/8/18
24,3,50,SANTA ELENA,SALINAS,SALINAS,5/4/18
24,3,51,SANTA ELENA,SALINAS,ANCONCITO,5/4/18
24,3,52,SANTA ELENA,SALINAS,JOSE LUIS TAMAYO (MUEY),5/4/18
9,19,50,GUAYAS,SALITRE (URBINA JADO),EL SALITRE (LAS RAMAS),5/23/19
9,19,51,GUAYAS,SALITRE (URBINA JADO),GRAL. VERNAZA (DOS ESTEROS) ,5/23/19
9,19,52,GUAYAS,SALITRE (URBINA JADO),LA VICTORIA (ÑAUZA),5/23/19
9,19,53,GUAYAS,SALITRE (URBINA JADO),JUNQUILLAL,5/23/19
9,16,50,GUAYAS,SAMBORONDON,SAMBORONDON,1/25/18
9,16,51,GUAYAS,SAMBORONDON,TARIFA,1/25/18
20,1,50,GALAPAGOS,SAN CRISTOBAL,PUERTO BAQUERIZO MORENO,1/22/18
20,1,51,GALAPAGOS,SAN CRISTOBAL,EL PROGRESO,1/22/18
20,1,52,GALAPAGOS,SAN CRISTOBAL,ISLA SANTA MARIA (FLOREANA) (CAB. EN  PTO. VELASCO IBARRA),1/22/18
1,7,50,AZUAY,SAN FERNANDO, SAN FERNANDO,3/9/18
1,7,51,AZUAY,SAN FERNANDO,CHUMBLIN,3/9/18
9,20,50,GUAYAS,SAN JACINTO DE YAGUACHI,SAN JACINTO DE YAGUACHI,3/2/18
9,20,53,GUAYAS,SAN JACINTO DE YAGUACHI,GRAL. PEDRO J. MONTERO (BOLICHE) ,3/2/18
9,20,55,GUAYAS,SAN JACINTO DE YAGUACHI,YAGUACHI VIEJO (CONE),3/2/18
9,20,56,GUAYAS,SAN JACINTO DE YAGUACHI,VIRGEN DE FATIMA,3/2/18
14,8,50,MORONA SANTIAGO,SAN JUAN BOSCO,SAN JUAN BOSCO,3/15/19
14,8,51,MORONA SANTIAGO,SAN JUAN BOSCO,PAN DE AZUCAR,3/15/19
14,8,52,MORONA SANTIAGO,SAN JUAN BOSCO,SAN CARLOS DE LIMON  ,3/15/19
14,8,53,MORONA SANTIAGO,SAN JUAN BOSCO,SAN JACINTO DE WAKAMBEIS ,3/15/19
14,8,54,MORONA SANTIAGO,SAN JUAN BOSCO,SANTIAGO DE PANANZA,3/15/19
8,5,50,ESMERALDAS,SAN LORENZO,SAN LORENZO,11/30/18
8,5,51,ESMERALDAS,SAN LORENZO,ALTO TAMBO (CAB. EN GUADUAL) ,11/30/18
8,5,52,ESMERALDAS,SAN LORENZO,ANCON (PICHANGAL) (CAB. EN PALMA REAL) ,11/30/18
8,5,53,ESMERALDAS,SAN LORENZO,CALDERON,11/30/18
8,5,54,ESMERALDAS,SAN LORENZO,CARONDELET,11/30/18
8,5,55,ESMERALDAS,SAN LORENZO,5 DE JUNIO (CAB. EN UIMBI) ,11/30/18
8,5,56,ESMERALDAS,SAN LORENZO,CONCEPCION,11/30/18
8,5,57,ESMERALDAS,SAN LORENZO,MATAJE (CAB. EN SANTANDER),11/30/18
8,5,58,ESMERALDAS,SAN LORENZO,SAN JAVIER DE CACHAVI (CAB. EN SAN JAVIER) ,11/30/18
8,5,59,ESMERALDAS,SAN LORENZO,SANTA RITA,11/30/18
8,5,60,ESMERALDAS,SAN LORENZO,TAMBILLO,11/30/18
8,5,61,ESMERALDAS,SAN LORENZO,TULULBI (CAB. EN RICAURTE),11/30/18
8,5,62,ESMERALDAS,SAN LORENZO,URBINA,11/30/18
2,5,50,BOLIVAR,SAN MIGUEL,SAN MIGUEL,12/21/18
2,5,51,BOLIVAR,SAN MIGUEL,BALSAPAMBA,12/21/18
2,5,52,BOLIVAR,SAN MIGUEL,BILOVAN,12/21/18
2,5,53,BOLIVAR,SAN MIGUEL,REGULO DE MORA,12/21/18
2,5,54,BOLIVAR,SAN MIGUEL,SAN PABLO  (SAN PABLO DE ATENAS),12/21/18
2,5,55,BOLIVAR,SAN MIGUEL,SANTIAGO,12/21/18
2,5,56,BOLIVAR,SAN MIGUEL,SAN VICENTE,12/21/18
17,7,50,PICHINCHA,SAN MIGUEL DE LOS BANCOS,SAN MIGUEL DE LOS BANCOS ,10/19/18
17,7,51,PICHINCHA,SAN MIGUEL DE LOS BANCOS,MINDO,10/19/18
10,6,50,IMBABURA,SAN MIGUEL DE URCUQUI,URCUQUI,11/6/17
10,6,51,IMBABURA,SAN MIGUEL DE URCUQUI,CAHUASQUI,11/6/17
10,6,52,IMBABURA,SAN MIGUEL DE URCUQUI,LA MERCED DE BUENOS AIRES,11/6/17
10,6,53,IMBABURA,SAN MIGUEL DE URCUQUI,PABLO ARENAS,11/6/17
10,6,54,IMBABURA,SAN MIGUEL DE URCUQUI,SAN BLAS,11/6/17
10,6,55,IMBABURA,SAN MIGUEL DE URCUQUI,TUMBABIRO,11/6/17
4,6,50,CARCHI,SAN PEDRO DE HUACA,HUACA,#N/A
4,6,51,CARCHI,SAN PEDRO DE HUACA,MARISCAL SUCRE,#N/A
18,7,50,TUNGURAHUA,SAN PEDRO DE PELILEO,PELILEO,11/1/17
18,7,51,TUNGURAHUA,SAN PEDRO DE PELILEO,BENITEZ (PACHANLICA) ,11/1/17
18,7,52,TUNGURAHUA,SAN PEDRO DE PELILEO,BOLIVAR,11/1/17
18,7,53,TUNGURAHUA,SAN PEDRO DE PELILEO,COTALO,11/1/17
18,7,54,TUNGURAHUA,SAN PEDRO DE PELILEO,CHIQUICHA (CAB. EN CHIQUICHA GRANDE),11/1/17
18,7,55,TUNGURAHUA,SAN PEDRO DE PELILEO,EL ROSARIO (RUMICHACA),11/1/17
18,7,56,TUNGURAHUA,SAN PEDRO DE PELILEO,GARCIA MORENO (CHUMAQUI),11/1/17
18,7,57,TUNGURAHUA,SAN PEDRO DE PELILEO,GUAMBALO (HUAMBALO),11/1/17
18,7,58,TUNGURAHUA,SAN PEDRO DE PELILEO,SALASACA,11/1/17
13,22,50,MANABI,SAN VICENTE,SAN VICENTE,3/18/19
13,22,51,MANABI,SAN VICENTE,CANOA,3/18/19
13,13,50,MANABI,SANTA ANA,SANTA ANA DE VUELTA LARGA,12/22/18
13,13,51,MANABI,SANTA ANA,AYACUCHO,12/22/18
13,13,52,MANABI,SANTA ANA,HONORATO VASQUEZ (CAB. EN VASQUEZ),12/22/18
13,13,53,MANABI,SANTA ANA,LA UNION,12/22/18
13,13,55,MANABI,SANTA ANA,SAN PABLO (CAB. EN PUEBLO NUEVO),12/22/18
16,3,50,PASTAZA,SANTA CLARA,SANTA CLARA,1/2/19
16,3,51,PASTAZA,SANTA CLARA,SAN JOSE,1/2/19
20,3,50,GALAPAGOS,SANTA CRUZ,PUERTO AYORA,1/22/18
20,3,51,GALAPAGOS,SANTA CRUZ,BELLAVISTA,1/22/18
20,3,52,GALAPAGOS,SANTA CRUZ,SANTA ROSA (INCLUYE LA ISLA BALTRA),1/22/18
24,1,50,SANTA ELENA,SANTA ELENA,SANTA ELENA,8/30/17
24,1,51,SANTA ELENA,SANTA ELENA,ATAHUALPA,8/30/17
24,1,52,SANTA ELENA,SANTA ELENA,COLONCHE,8/30/17
24,1,53,SANTA ELENA,SANTA ELENA,CHANDUY,8/30/17
24,1,54,SANTA ELENA,SANTA ELENA,MANGLARALTO,8/30/17
24,1,55,SANTA ELENA,SANTA ELENA,SIMON BOLIVAR (JULIO MORENO),8/30/17
24,1,56,SANTA ELENA,SANTA ELENA,SAN JOSE DE ANCON,8/30/17
1,8,50,AZUAY,SANTA ISABEL, SANTA ISABEL,3/9/18
1,8,51,AZUAY,SANTA ISABEL,ABDON CALDERON  (LA UNION) ,3/9/18
1,8,52,AZUAY,SANTA ISABEL,EL CARMEN DE PIJILI,3/9/18
1,8,53,AZUAY,SANTA ISABEL,ZHAGLLI (SHAGLLI),3/9/18
9,18,50,GUAYAS,SANTA LUCIA,SANTA LUCIA,11/30/18
7,12,50,EL ORO,SANTA ROSA,SANTA ROSA,1/16/18
7,12,51,EL ORO,SANTA ROSA,BELLAVISTA,1/16/18
7,12,52,EL ORO,SANTA ROSA,JAMBELI,1/16/18
7,12,53,EL ORO,SANTA ROSA,LA AVANZADA,1/16/18
7,12,54,EL ORO,SANTA ROSA,SAN ANTONIO,1/16/18
7,12,55,EL ORO,SANTA ROSA,TORATA,1/16/18
7,12,56,EL ORO,SANTA ROSA,VICTORIA,1/16/18
7,12,57,EL ORO,SANTA ROSA,BELLAMARIA,1/16/18
14,5,50,MORONA SANTIAGO,SANTIAGO,SANTIAGO DE MENDEZ,7/23/18
14,5,51,MORONA SANTIAGO,SANTIAGO,COPAL,7/23/18
14,5,52,MORONA SANTIAGO,SANTIAGO,CHUPIANZA,7/23/18
14,5,53,MORONA SANTIAGO,SANTIAGO,PATUCA,7/23/18
14,5,54,MORONA SANTIAGO,SANTIAGO,SAN LUIS DE EL ACHO (CAB. EN EL ACHO) ,7/23/18
14,5,56,MORONA SANTIAGO,SANTIAGO,TAYUZA,7/23/18
14,5,57,MORONA SANTIAGO,SANTIAGO,SAN FRANCISCO DE CHINIMBIMI,7/23/18
18,8,50,TUNGURAHUA,SANTIAGO DE PILLARO,PILLARO,3/16/19
18,8,51,TUNGURAHUA,SANTIAGO DE PILLARO,BAQUERIZO MORENO,3/16/19
18,8,52,TUNGURAHUA,SANTIAGO DE PILLARO,EMILIO MARIA TERAN (RUMIPAMBA),3/16/19
18,8,53,TUNGURAHUA,SANTIAGO DE PILLARO,MARCOS ESPINEL (CHACATA) ,3/16/19
18,8,54,TUNGURAHUA,SANTIAGO DE PILLARO,PRESIDENTE URBINA (CHAGRAPAMBA -PATZUCUL),3/16/19
18,8,55,TUNGURAHUA,SANTIAGO DE PILLARO,SAN ANDRES,3/16/19
18,8,56,TUNGURAHUA,SANTIAGO DE PILLARO,SAN JOSE DE POALO,3/16/19
18,8,57,TUNGURAHUA,SANTIAGO DE PILLARO,SAN MIGUELITO,3/16/19
23,1,50,SANTO DOMINGO DE LOS TSACHILAS,SANTO DOMINGO,SANTO DOMINGO DE LOS COLORADOS,6/15/18
23,1,51,SANTO DOMINGO DE LOS TSACHILAS,SANTO DOMINGO,ALLURIQUIN,6/15/18
23,1,52,SANTO DOMINGO DE LOS TSACHILAS,SANTO DOMINGO,PUERTO LIMON,6/15/18
23,1,53,SANTO DOMINGO DE LOS TSACHILAS,SANTO DOMINGO,LUZ DE AMERICA ,6/15/18
23,1,54,SANTO DOMINGO DE LOS TSACHILAS,SANTO DOMINGO,SAN JACINTO DEL BUA,6/15/18
23,1,55,SANTO DOMINGO DE LOS TSACHILAS,SANTO DOMINGO,VALLE HERMOSO,6/15/18
23,1,56,SANTO DOMINGO DE LOS TSACHILAS,SANTO DOMINGO,EL ESFUERZO,6/15/18
23,1,57,SANTO DOMINGO DE LOS TSACHILAS,SANTO DOMINGO,SANTA MARIA DEL TOACHI,6/15/18
5,6,50,COTOPAXI,SAQUISILI,"SAQUISILI, ",6/1/18
5,6,51,COTOPAXI,SAQUISILI,CANCHAGUA,6/1/18
5,6,52,COTOPAXI,SAQUISILI,CHANTILIN,6/1/18
5,6,53,COTOPAXI,SAQUISILI,COCHAPAMBA,6/1/18
11,11,50,LOJA,SARAGURO,SARAGURO,7/5/19
11,11,51,LOJA,SARAGURO,EL PARAISO DE CELEN,7/5/19
11,11,52,LOJA,SARAGURO,EL TABLON  ,7/5/19
11,11,53,LOJA,SARAGURO,LLUZHAPA,7/5/19
11,11,54,LOJA,SARAGURO,MANU,7/5/19
11,11,55,LOJA,SARAGURO,SAN ANTONIO DE QUMBE (CUMBE),7/5/19
11,11,56,LOJA,SARAGURO,SAN PABLO DE TENTA,7/5/19
11,11,57,LOJA,SARAGURO,SAN SEBASTIAN DE YULUC,7/5/19
11,11,58,LOJA,SARAGURO,SELVA ALEGRE,7/5/19
11,11,59,LOJA,SARAGURO,URDANETA (PAQUISHAPA),7/5/19
11,11,60,LOJA,SARAGURO,SUMAYPAMBA,7/5/19
1,13,50,AZUAY,SEVILLA DE ORO, SEVILLA DE ORO,4/20/18
1,13,51,AZUAY,SEVILLA DE ORO,AMALUZA,4/20/18
1,13,52,AZUAY,SEVILLA DE ORO,PALMAS,4/20/18
21,4,50,SUCUMBIOS,SHUSHUFINDI,SHUSHUFINDI,3/1/18
21,4,51,SUCUMBIOS,SHUSHUFINDI,LIMONCOCHA,3/1/18
21,4,52,SUCUMBIOS,SHUSHUFINDI,PAÑACOCHA,3/1/18
21,4,53,SUCUMBIOS,SHUSHUFINDI,SAN ROQUE (CAB. EN SAN VICENTE),3/1/18
21,4,54,SUCUMBIOS,SHUSHUFINDI,SAN PEDRO DE LOS COFANES,3/1/18
21,4,55,SUCUMBIOS,SHUSHUFINDI,SIETE DE JULIO,3/1/18
5,7,50,COTOPAXI,SIGCHOS,SIGCHOS,11/16/18
5,7,51,COTOPAXI,SIGCHOS,CHUGCHILLAN,11/16/18
5,7,52,COTOPAXI,SIGCHOS,ISINLIVI,11/16/18
5,7,53,COTOPAXI,SIGCHOS,LAS PAMPAS,11/16/18
5,7,54,COTOPAXI,SIGCHOS,PALO QUEMADO,11/16/18
1,9,50,AZUAY,SIGSIG, SIGSIG,2/1/19
1,9,51,AZUAY,SIGSIG,CUCHIL (CUTCHIL) ,2/1/19
1,9,52,AZUAY,SIGSIG,JIMA (GIMA),2/1/19
1,9,53,AZUAY,SIGSIG,GUEL,2/1/19
1,9,54,AZUAY,SIGSIG,LUDO,2/1/19
1,9,55,AZUAY,SIGSIG,SAN BARTOLOME,2/1/19
1,9,56,AZUAY,SIGSIG,SAN JOSE DE RARANGA,2/1/19
9,22,50,GUAYAS,SIMON BOLIVAR,SIMON BOLIVAR,4/26/19
9,22,51,GUAYAS,SIMON BOLIVAR,CRNEL.LORENZO DE GARAICOA (PEDREGAL),4/26/19
11,12,50,LOJA,SOZORANGA,SOZORANGA,3/1/19
11,12,51,LOJA,SOZORANGA,NUEVA FATIMA,3/1/19
11,12,52,LOJA,SOZORANGA,TACAMOROS,3/1/19
13,14,50,MANABI,SUCRE,BAHIA DE CARAQUEZ,3/18/19
13,14,53,MANABI,SUCRE,CHARAPOTO,3/18/19
13,14,57,MANABI,SUCRE,SAN ISIDRO,3/18/19
14,6,50,MORONA SANTIAGO,SUCUA,SUCUA,7/20/18
14,6,51,MORONA SANTIAGO,SUCUA,ASUNCION,7/20/18
14,6,52,MORONA SANTIAGO,SUCUA,HUAMBI,7/20/18
14,6,55,MORONA SANTIAGO,SUCUA,SANTA MARIANITA DE JESUS,7/20/18
21,5,50,SUCUMBIOS,SUCUMBIOS,LA BONITA,3/8/19
21,5,51,SUCUMBIOS,SUCUMBIOS,EL PLAYON DE SAN FRANCISCO,3/8/19
21,5,52,SUCUMBIOS,SUCUMBIOS,LA SOFIA,3/8/19
21,5,53,SUCUMBIOS,SUCUMBIOS,ROSA FLORIDA,3/8/19
21,5,54,SUCUMBIOS,SUCUMBIOS,SANTA BARBARA,3/8/19
3,7,50,CAÑAR,SUSCAL,SUSCAL,7/28/19
14,9,50,MORONA SANTIAGO,TAISHA,TAISHA,5/10/19
14,9,51,MORONA SANTIAGO,TAISHA,HUASAGA (CAB. EN WAMPUIK) ,5/10/19
14,9,52,MORONA SANTIAGO,TAISHA,MACUMA  ,5/10/19
14,9,53,MORONA SANTIAGO,TAISHA,TUUTINENTZA ,5/10/19
14,9,54,MORONA SANTIAGO,TAISHA,PUMPUENTSA,5/10/19
15,1,50,NAPO,TENA,TENA,5/29/18
15,1,51,NAPO,TENA,AHUANO,5/29/18
15,1,53,NAPO,TENA,CHONTAPUNTA,5/29/18
15,1,54,NAPO,TENA,PANO,5/29/18
15,1,55,NAPO,TENA,PUERTO MISAHUALLI,5/29/18
15,1,56,NAPO,TENA,PUERTO NAPO,5/29/18
15,1,57,NAPO,TENA,TALAG,5/29/18
18,9,50,TUNGURAHUA,TISALEO,TISALEO,3/14/19
18,9,51,TUNGURAHUA,TISALEO,QUINCHICOTO,3/14/19
13,15,50,MANABI,TOSAGUA,TOSAGUA,5/11/18
13,15,51,MANABI,TOSAGUA,BACHILLERO,5/11/18
13,15,52,MANABI,TOSAGUA,ANGEL PEDRO GILER (LA ESTANCILLA),5/11/18
4,1,50,CARCHI,TULCAN, TULCAN,#N/A
4,1,51,CARCHI,TULCAN,EL CARMELO (EL PUN) ,#N/A
4,1,53,CARCHI,TULCAN,JULIO ANDRADE (OREJUELA) ,#N/A
4,1,54,CARCHI,TULCAN,MALDONADO,#N/A
4,1,55,CARCHI,TULCAN,PIOTER,#N/A
4,1,56,CARCHI,TULCAN,TOBAR DONOSO (LA BOCANA DE CAMUMBI) ,#N/A
4,1,57,CARCHI,TULCAN,TUFIÑO,#N/A
4,1,58,CARCHI,TULCAN,URBINA (TAYA),#N/A
4,1,59,CARCHI,TULCAN,EL CHICAL,#N/A
4,1,61,CARCHI,TULCAN,SANTA MARTHA DE CUBA,#N/A
12,6,50,LOS RIOS,URDANETA,CATARAMA,4/18/19
12,6,51,LOS RIOS,URDANETA,RICAURTE,4/18/19
12,11,50,LOS RIOS,VALENCIA,VALENCIA,11/19/18
12,7,50,LOS RIOS,VENTANAS,VENTANAS,2/13/19
12,7,52,LOS RIOS,VENTANAS,ZAPOTAL,2/13/19
12,8,50,LOS RIOS,VINCES,VINCES,4/3/19
12,8,51,LOS RIOS,VINCES,ANTONIO SOTOMAYOR (CAB. EN PLAYAS DE VINCES) ,4/3/19
19,4,50,ZAMORA CHINCHIPE,YACUAMBI,28 DE MAYO (SAN JOSE DE YACUAMBI),5/2/19
19,4,51,ZAMORA CHINCHIPE,YACUAMBI,LA PAZ,5/2/19
19,4,52,ZAMORA CHINCHIPE,YACUAMBI,TUTUPALI,5/2/19
19,5,50,ZAMORA CHINCHIPE,YANTZAZA,YANTZAZA (YANZATZA),11/28/17
19,5,51,ZAMORA CHINCHIPE,YANTZAZA,CHICAÑA,11/28/17
19,5,53,ZAMORA CHINCHIPE,YANTZAZA,LOS ENCUENTROS,11/28/17
19,1,50,ZAMORA CHINCHIPE,ZAMORA,ZAMORA,5/2/19
19,1,51,ZAMORA CHINCHIPE,ZAMORA,CUMBARATZA,5/2/19
19,1,52,ZAMORA CHINCHIPE,ZAMORA,GUADALUPE,5/2/19
19,1,53,ZAMORA CHINCHIPE,ZAMORA,IMBANA (LA VICTORIA DE IMBANA),5/2/19
19,1,55,ZAMORA CHINCHIPE,ZAMORA,SABANILLA,5/2/19
19,1,56,ZAMORA CHINCHIPE,ZAMORA,TIMBARA,5/2/19
19,1,58,ZAMORA CHINCHIPE,ZAMORA,SAN CARLOS DE LAS MINAS,5/2/19
11,13,50,LOJA,ZAPOTILLO,ZAPOTILLO,6/12/19
11,13,51,LOJA,ZAPOTILLO,CAZADEROS (CAB.EN MANGAURCO) ,6/12/19
11,13,52,LOJA,ZAPOTILLO,GARZAREAL,6/12/19
11,13,53,LOJA,ZAPOTILLO,LIMONES,6/12/19
11,13,54,LOJA,ZAPOTILLO,PALETILLAS,6/12/19
11,13,55,LOJA,ZAPOTILLO,BOLASPAMBA,6/12/19
7,13,50,EL ORO,ZARUMA,ZARUMA,1/16/18
7,13,51,EL ORO,ZARUMA,ABAÑIN,1/16/18
7,13,52,EL ORO,ZARUMA,ARCAPAMBA,1/16/18
7,13,53,EL ORO,ZARUMA,GUANAZAN,1/16/18
7,13,54,EL ORO,ZARUMA,GUIZHAGUIÑA,1/16/18
7,13,55,EL ORO,ZARUMA,HUERTAS,1/16/18
7,13,56,EL ORO,ZARUMA,MALVAS,1/16/18
7,13,57,EL ORO,ZARUMA,MULUNCAY GRANDE,1/16/18
7,13,58,EL ORO,ZARUMA,SINSAO,1/16/18
7,13,59,EL ORO,ZARUMA,SALVIAS,1/16/18
90,1,51,ZONAS NO DELIMITADAS,ZONAS NO DELIMITADAS,LAS GOLONDRINAS,#N/A
90,3,51,ZONAS NO DELIMITADAS,ZONAS NO DELIMITADAS,MANGA DEL CURA,#N/A
90,4,51,ZONAS NO DELIMITADAS,ZONAS NO DELIMITADAS,EL PIEDRERO,#N/A